{
  "features": [
    "amount",
    "amount_log1p",
    "amount_ratio_to_user_avg",
    "amount_zscore_user",
    "hour",
    "hour_sin",
    "hour_cos",
    "dayofweek",
    "is_weekend",
    "time_since_signup_days",
    "seq_ratio",
    "total_txn_by_user",
    "avg_amount_by_user",
    "txns_last_1hr_by_user",
    "merchant_category_freq",
    "merchant_name_freq",
    "city_freq",
    "device_freq",
    "country_freq",
    "prev_amount_1",
    "prev_amount_2",
    "prev_amount_3",
    "prev_amounts_mean_3"
  ],
  "feature_means": [
    34.2348495374236,
    3.0190770216555594,
    0.9999999999428694,
    1.5128786414851337e-17,
    16.745098694098395,
    -0.4864360171099786,
    -0.07166874471307887,
    2.98463645168832,
    0.2814201262482883,
    88.07914090651428,
    0.5100197054104358,
    50.94589359072843,
    34.2348495374236,
    0.015430346347817375,
    1202.5738285294412,
    539.0846999098227,
    52.10570789218797,
    4991.184562973848,
    3024.2354964764036,
    33.6414839183728,
    32.99192478541131,
    32.303997194482484,
    32.9791352994222
  ],
  "feature_stds": [
    90.00077457319463,
    0.933915910310827,
    1.3057201479525988,
    0.9899295878770419,
    4.563292626929592,
    0.5244990063114262,
    0.6950858829437977,
    1.9980529981208484,
    0.44969193765364057,
    118.19465212391535,
    0.2886197098717508,
    7.18232996916821,
    34.78696312038755,
    0.1251392704644227,
    76.75737794312005,
    114.0004979374063,
    11.79939653014974,
    71.19798408389701,
    290.539505263188,
    89.9419270313941,
    89.46414884715598,
    89.16361490693926,
    57.90896144950269
  ],
  "feature_vars": [
    8100.139423774996,
    0.8721989275317006,
    1.7049051047693564,
    0.97996058895441,
    20.823639598989978,
    0.2750992076216735,
    0.48314438466775883,
    3.9922157832997107,
    0.20222283879068575,
    13969.975790693368,
    0.08330133692645361,
    51.58586378601182,
    1210.1328031392034,
    0.015659837012367936,
    5891.695068702972,
    12996.113529976577,
    139.22575847570974,
    5069.152937610852,
    84413.20411857804,
    8089.5502381206215,
    8003.833928946081,
    7950.150223272962,
    3353.447816159989
  ],
  "n_features_in": 23,
  "generated_at": "2025-10-04T19:46:17.403075",
  "data_shape": [
    29941,
    23
  ],
  "scaler_type": "StandardScaler"
}